# Round 1 n192_v4,,,,,,
bci,sequence,uid,well,type,well_int,bc_round
1,CATTCCTA,pbs_1239,A1,T,1,1
2,CTTCATCA,pbs_1205,A2,T,2,1
3,CCTATATC,pbs_1247,A3,T,3,1
4,ACATTTAC,pbs_1211,A4,T,4,1
5,ACTTAGCT,pbs_1218,A5,T,5,1
6,CCAATTCT,pbs_1243,A6,T,6,1
7,GCCTATCT,pbs_1273,A7,T,7,1
8,ATGCTGCT,pbs_1227,A8,T,8,1
9,CATTTACA,pbs_1242,A9,T,9,1
10,ACTCGTAA,pbs_1100,A10,T,10,1
11,CCTTTGCA,pbs_1255,A11,T,11,1
12,ACTCCTGC,pbs_1215,A12,T,12,1
13,ATTTGGCA,pbs_1231,B1,T,13,1
14,TTATTCTG,pbs_1118,B2,T,14,1
15,TCATGCTC,pbs_1285,B3,T,15,1
16,CATACTTC,pbs_1202,B4,T,16,1
17,CCGTTCTA,pbs_1111,B5,T,17,1
18,GCTTCATA,pbs_1279,B6,T,18,1
19,CTCTGTGC,pbs_1204,B7,T,19,1
20,CCCTTATA,pbs_1246,B8,T,20,1
21,ACTGCTCT,pbs_1200,B9,T,21,1
22,CTCTAATC,pbs_1257,B10,T,22,1
23,ACCCTTGC,pbs_1213,B11,T,23,1
24,ATCTTAGG,pbs_1224,B12,T,24,1
25,CATGTCTC,pbs_1238,C1,T,25,1
26,TCATTGCA,pbs_1288,C2,T,26,1
27,ACACCTTT,pbs_1209,C3,T,27,1
28,AATTTCTC,pbs_1115,C4,T,28,1
29,ATTCATGG,pbs_1108,C5,T,29,1
30,ACTTTACC,pbs_1220,C6,T,30,1
31,CTTCTAAC,pbs_1267,C7,T,31,1
32,CTATTTCA,pbs_1145,C8,T,32,1
33,TCTCATGC,pbs_1292,C9,T,33,1
34,ATCCTTAC,pbs_1223,C10,T,34,1
35,TAAATATC,pbs_1125,C11,T,35,1
36,TTACCTGC,pbs_1295,C12,T,36,1
37,CACTTTCA,pbs_1236,D1,T,37,1
38,CACCTTTA,pbs_1233,D2,T,38,1
39,CTGACTTC,pbs_1261,D3,T,39,1
40,CATTTGGA,pbs_1141,D4,T,40,1
41,GCTCTACT,pbs_1277,D5,T,41,1
42,GTTACGTA,pbs_1144,D6,T,42,1
43,CCTGTTGC,pbs_1251,D7,T,43,1
44,CTATCATC,pbs_1203,D8,T,44,1
45,GCTATCAT,pbs_1276,D9,T,45,1
46,ACATTCAT,pbs_1210,D10,T,46,1
47,TTCGCTAC,pbs_1132,D11,T,47,1
48,CATTCTAC,pbs_1240,D12,T,48,1
49,CACTTATC,pbs_1234,E1,T,49,1
50,ATAAGCTC,pbs_1107,E2,T,50,1
51,TCATCCTG,pbs_1284,E3,T,51,1
52,CCTGGTAT,pbs_1250,E4,T,52,1
53,TGGTATAC,pbs_1104,E5,T,53,1
54,TTGGGAGA,pbs_1123,E6,T,54,1
55,ACTTCATC,pbs_1201,E7,T,55,1
56,TCTCTAGC,pbs_1293,E8,T,56,1
57,ATGCCCTT,pbs_1226,E9,T,57,1
58,CCCAATTT,pbs_1245,E10,T,58,1
59,ACTATATA,pbs_1146,E11,T,59,1
60,CTCTATAC,pbs_1258,E12,T,60,1
61,CTGTCTCA,pbs_1263,F1,T,61,1
62,GACCTTTC,pbs_1138,F2,T,62,1
63,GATTTGGC,pbs_1271,F3,T,63,1
64,CGTCTAGG,pbs_1135,F4,T,64,1
65,TACTCGAA,pbs_1140,F5,T,65,1
66,CAGCCTTT,pbs_1237,F6,T,66,1
67,CCTCATTA,pbs_1248,F7,T,67,1
68,CTTATACC,pbs_1264,F8,T,68,1
69,TCTATTAC,pbs_1106,F9,T,69,1
70,CCTGCATT,pbs_1249,F10,T,70,1
71,CAATCCTT,pbs_1232,F11,T,71,1
72,TTGTCTTA,pbs_1121,F12,T,72,1
73,TCACTTTA,pbs_1147,G1,T,73,1
74,TGCTTGGG,pbs_1124,G2,T,74,1
75,CGCTCATT,pbs_1256,G3,T,75,1
76,GCCTCTAT,pbs_1274,G4,T,76,1
77,GAGCACAA,pbs_1142,G5,T,77,1
78,CTCTTAAC,pbs_1260,G6,T,78,1
79,TCTAGGCT,pbs_1291,G7,T,79,1
80,AATTCTGC,pbs_1396,G8,T,80,1
81,CATTCTCA,pbs_1241,G9,T,81,1
82,ACTTGCCT,pbs_1219,G10,T,82,1
83,ATCATTGC,pbs_1222,G11,T,83,1
84,GTTCAACA,pbs_1119,G12,T,84,1
85,CCATTTGC,pbs_1244,H1,T,85,1
86,GACTTTGC,pbs_1269,H2,T,86,1
87,ATTGGCTC,pbs_1081,H3,T,87,1
88,GTGCTAGC,pbs_1127,H4,T,88,1
89,CTTTCAAC,pbs_1268,H5,T,89,1
90,ACTATTGC,pbs_1214,H6,T,90,1
91,ACTGGCTT,pbs_1216,H7,T,91,1
92,ATTAGGCT,pbs_1228,H8,T,92,1
93,GCCTTTCA,pbs_1275,H9,T,93,1
94,ATTCTAGG,pbs_1229,H10,T,94,1
95,CCTTACAT,pbs_1252,H11,T,95,1
96,ACATTTGG,pbs_1212,H12,T,96,1
97,CATCATCC,pbs_1327,A1,R,1,1
98,CTGCTTTG,pbs_1148,A2,R,2,1
99,CTAAGGGA,pbs_1162,A3,R,3,1
100,GCTTATAG,pbs_1166,A4,R,4,1
101,TCTGATCC,pbs_1371,A5,R,5,1
102,TCTCTTGG,pbs_1370,A6,R,6,1
103,CAATTTCC,pbs_1326,A7,R,7,1
104,AGTCTCTT,pbs_1312,A8,R,8,1
105,TGCTGCTC,pbs_1377,A9,R,9,1
106,GTATTTCC,pbs_1346,A10,R,10,1
107,TTCCTGTG,pbs_1388,A11,R,11,1
108,GCTGCTTC,pbs_1345,A12,R,12,1
109,TATGTGTC,pbs_1362,B1,R,13,1
110,CAATTCTC,pbs_1301,B2,R,14,1
111,TGGTCTCC,pbs_1380,B3,R,15,1
112,GCTCTTTA,pbs_1344,B4,R,16,1
113,GCTGCATG,pbs_1159,B5,R,17,1
114,ACTCATTT,pbs_1310,B6,R,18,1
115,AGTCTTGG,pbs_1313,B7,R,19,1
116,GGTTCTTC,pbs_1181,B8,R,20,1
117,TCATGTTG,pbs_1367,B9,R,21,1
118,ATTTTGCC,pbs_1324,B10,R,22,1
119,CTTCTGTA,pbs_1339,B11,R,23,1
120,GTCCATCT,pbs_1348,B12,R,24,1
121,GCTATCTC,pbs_1304,C1,R,25,1
122,TAGTTTCC,pbs_1359,C2,R,26,1
123,TCCATTAT,pbs_1368,C3,R,27,1
124,AGGATTAA,pbs_1175,C4,R,28,1
125,AATCTTTC,pbs_1309,C5,R,29,1
126,GTCATATG,pbs_1160,C6,R,30,1
127,GTGCTTCC,pbs_1351,C7,R,31,1
128,ATGTGTTG,pbs_1319,C8,R,32,1
129,CCATCTTG,pbs_1169,C9,R,33,1
130,TACTGTCT,pbs_1357,C10,R,34,1
131,TTCATCGC,pbs_1173,C11,R,35,1
132,ACTGTGGG,pbs_1311,C12,R,36,1
133,TCTGTGCC,pbs_1373,D1,R,37,1
134,TCAATCTC,pbs_1364,D2,R,38,1
135,GTCCTCTG,pbs_1349,D3,R,39,1
136,TTACATTC,pbs_1386,D4,R,40,1
137,ATTCTGTC,pbs_1322,D5,R,41,1
138,TGTGTATG,pbs_1383,D6,R,42,1
139,TCCATTTG,pbs_1369,D7,R,43,1
140,TTAGCTTC,pbs_1387,D8,R,44,1
141,GTGCTTGA,pbs_1352,D9,R,45,1
142,GTTTGTGA,pbs_1179,D10,R,46,1
143,GAAATTAG,pbs_1174,D11,R,47,1
144,GCAAATTC,pbs_1182,D12,R,48,1
145,GAGGTTGA,pbs_1171,E1,R,49,1
146,CCTGTCTG,pbs_1334,E2,R,50,1
147,GTGGGTTC,pbs_1185,E3,R,51,1
148,TTTGCATC,pbs_1394,E4,R,52,1
149,AGGTAATA,pbs_1189,E5,R,53,1
150,GTGCCTTC,pbs_1350,E6,R,54,1
151,ATGTTTCC,pbs_1320,E7,R,55,1
152,CTTAATTC,pbs_1338,E8,R,56,1
153,TCTGGCTC,pbs_1372,E9,R,57,1
154,CATCATTT,pbs_1328,E10,R,58,1
155,GTTGTCTC,pbs_1397,E11,R,59,1
156,ATCTTCTG,pbs_1316,E12,R,60,1
157,TGTTTGCC,pbs_1385,F1,R,61,1
158,TTCTGTCA,pbs_1389,F2,R,62,1
159,ACGGACTC,pbs_1152,F3,R,63,1
160,TTTGGTCA,pbs_1395,F4,R,64,1
161,TATCCGGG,pbs_1188,F5,R,65,1
162,TGTCATTC,pbs_1381,F6,R,66,1
163,ATTCTCTG,pbs_1321,F7,R,67,1
164,TGGCTTCC,pbs_1379,F8,R,68,1
165,TTGTTGCC,pbs_1393,F9,R,69,1
166,GTCATCTC,pbs_1347,F10,R,70,1
167,TTGCTCAT,pbs_1391,F11,R,71,1
168,CTGTCTGC,pbs_1302,F12,R,72,1
169,TATATTCC,pbs_1360,G1,R,73,1
170,ATATTGGC,pbs_1161,G2,R,74,1
171,GTGTCCTC,pbs_1353,G3,R,75,1
172,ATCTTCAT,pbs_1315,G4,R,76,1
173,CGTGGTTG,pbs_1190,G5,R,77,1
174,TTGCATCC,pbs_1390,G6,R,78,1
175,TCTTAATC,pbs_1177,G7,R,79,1
176,TGCATTTC,pbs_1375,G8,R,80,1
177,GATGTTTC,pbs_1341,G9,R,81,1
178,ATCTTGTC,pbs_1317,G10,R,82,1
179,TCATATTC,pbs_1365,G11,R,83,1
180,TGGCCTCT,pbs_1378,G12,R,84,1
181,CGTTGTCT,pbs_1335,H1,R,85,1
182,TCTTGTCA,pbs_1374,H2,R,86,1
183,TATTCCTG,pbs_1363,H3,R,87,1
184,TCCATGTC,pbs_1306,H4,R,88,1
185,TTGTCATC,pbs_1392,H5,R,89,1
186,ATTTCCTG,pbs_1323,H6,R,90,1
187,GTGTCTCC,pbs_1354,H7,R,91,1
188,GTGTGTGT,pbs_1355,H8,R,92,1
189,TATGCTTC,pbs_1361,H9,R,93,1
190,ATGGTGTT,pbs_1318,H10,R,94,1
191,GAATAATG,pbs_1164,H11,R,95,1
192,CCTCTGTG,pbs_1332,H12,R,96,1