# Round 3 v1,,,,,,
bci,sequence,uid,well,type,well_int,bc_round
1,AACGTGAT,pbs_1000,A1,L,1,3
2,AAACATCG,pbs_1001,A2,L,2,3
3,ATGCCTAA,pbs_1002,A3,L,3,3
4,AGTGGTCA,pbs_1003,A4,L,4,3
5,ACCACTGT,pbs_1004,A5,L,5,3
6,ACATTGGC,pbs_1005,A6,L,6,3
7,CAGATCTG,pbs_1006,A7,L,7,3
8,CATCAAGT,pbs_1007,A8,L,8,3
9,CGCTGATC,pbs_1008,A9,L,9,3
10,ACAAGCTA,pbs_1009,A10,L,10,3
11,CTGTAGCC,pbs_1010,A11,L,11,3
12,AGTACAAG,pbs_1011,A12,L,12,3
13,AACAACCA,pbs_1012,B1,L,13,3
14,AACCGAGA,pbs_1013,B2,L,14,3
15,AACGCTTA,pbs_1014,B3,L,15,3
16,AAGACGGA,pbs_1015,B4,L,16,3
17,AAGGTACA,pbs_1016,B5,L,17,3
18,ACACAGAA,pbs_1017,B6,L,18,3
19,ACAGCAGA,pbs_1018,B7,L,19,3
20,ACCTCCAA,pbs_1019,B8,L,20,3
21,ACGCTCGA,pbs_1020,B9,L,21,3
22,ACGTATCA,pbs_1021,B10,L,22,3
23,ACTATGCA,pbs_1022,B11,L,23,3
24,AGAGTCAA,pbs_1023,B12,L,24,3
25,AGATCGCA,pbs_1024,C1,L,25,3
26,AGCAGGAA,pbs_1025,C2,L,26,3
27,AGTCACTA,pbs_1026,C3,L,27,3
28,ATCCTGTA,pbs_1027,C4,L,28,3
29,ATTGAGGA,pbs_1028,C5,L,29,3
30,CAACCACA,pbs_1029,C6,L,30,3
31,GACTAGTA,pbs_1030,C7,L,31,3
32,CAATGGAA,pbs_1031,C8,L,32,3
33,CACTTCGA,pbs_1032,C9,L,33,3
34,CAGCGTTA,pbs_1033,C10,L,34,3
35,CATACCAA,pbs_1034,C11,L,35,3
36,CCAGTTCA,pbs_1035,C12,L,36,3
37,CCGAAGTA,pbs_1036,D1,L,37,3
38,CCGTGAGA,pbs_1037,D2,L,38,3
39,CCTCCTGA,pbs_1038,D3,L,39,3
40,CGAACTTA,pbs_1039,D4,L,40,3
41,CGACTGGA,pbs_1040,D5,L,41,3
42,CGCATACA,pbs_1041,D6,L,42,3
43,CTCAATGA,pbs_1042,D7,L,43,3
44,CTGAGCCA,pbs_1043,D8,L,44,3
45,CTGGCATA,pbs_1044,D9,L,45,3
46,GAATCTGA,pbs_1045,D10,L,46,3
47,CAAGACTA,pbs_1046,D11,L,47,3
48,GAGCTGAA,pbs_1047,D12,L,48,3
49,GATAGACA,pbs_1048,E1,L,49,3
50,GCCACATA,pbs_1049,E2,L,50,3
51,GCGAGTAA,pbs_1050,E3,L,51,3
52,GCTAACGA,pbs_1051,E4,L,52,3
53,GCTCGGTA,pbs_1052,E5,L,53,3
54,GGAGAACA,pbs_1053,E6,L,54,3
55,GGTGCGAA,pbs_1054,E7,L,55,3
56,GTACGCAA,pbs_1055,E8,L,56,3
57,GTCGTAGA,pbs_1056,E9,L,57,3
58,GTCTGTCA,pbs_1057,E10,L,58,3
59,GTGTTCTA,pbs_1058,E11,L,59,3
60,TAGGATGA,pbs_1059,E12,L,60,3
61,TATCAGCA,pbs_1060,F1,L,61,3
62,TCCGTCTA,pbs_1061,F2,L,62,3
63,TCTTCACA,pbs_1062,F3,L,63,3
64,TGAAGAGA,pbs_1063,F4,L,64,3
65,TGGAACAA,pbs_1064,F5,L,65,3
66,TGGCTTCA,pbs_1065,F6,L,66,3
67,TGGTGGTA,pbs_1066,F7,L,67,3
68,TTCACGCA,pbs_1067,F8,L,68,3
69,AACTCACC,pbs_1068,F9,L,69,3
70,AAGAGATC,pbs_1069,F10,L,70,3
71,AAGGACAC,pbs_1070,F11,L,71,3
72,AATCCGTC,pbs_1071,F12,L,72,3
73,AATGTTGC,pbs_1072,G1,L,73,3
74,ACACGACC,pbs_1073,G2,L,74,3
75,ACAGATTC,pbs_1074,G3,L,75,3
76,AGATGTAC,pbs_1075,G4,L,76,3
77,AGCACCTC,pbs_1076,G5,L,77,3
78,AGCCATGC,pbs_1077,G6,L,78,3
79,AGGCTAAC,pbs_1078,G7,L,79,3
80,ATAGCGAC,pbs_1079,G8,L,80,3
81,ATCATTCC,pbs_1080,G9,L,81,3
82,ATTGGCTC,pbs_1081,G10,L,82,3
83,CAAGGAGC,pbs_1082,G11,L,83,3
84,CACCTTAC,pbs_1083,G12,L,84,3
85,CCATCCTC,pbs_1084,H1,L,85,3
86,CCGACAAC,pbs_1085,H2,L,86,3
87,CCTAATCC,pbs_1086,H3,L,87,3
88,CCTCTATC,pbs_1087,H4,L,88,3
89,CGACACAC,pbs_1088,H5,L,89,3
90,CGGATTGC,pbs_1089,H6,L,90,3
91,CTAAGGTC,pbs_1090,H7,L,91,3
92,GAACAGGC,pbs_1091,H8,L,92,3
93,GACAGTGC,pbs_1092,H9,L,93,3
94,GAGTTAGC,pbs_1093,H10,L,94,3
95,GATGAATC,pbs_1094,H11,L,95,3
96,GCCAAGAC,pbs_1095,H12,L,96,3